id,year,title
tt1711425,2013,21 & Over
tt1343727,2012,Dredd 3D
tt2024544,2013,12 Years a Slave
tt1272878,2013,2 Guns
tt0453562,2013,42
tt1335975,2013,47 Ronin
tt1606378,2013,A Good Day to Die Hard
tt2194499,2013,About Time
tt1814621,2013,Admission
tt1815862,2013,After Earth
tt1800241,2013,American Hustle
tt1322269,2013,August: Osage County
tt1559547,2013,Beautiful Creatures
tt2334873,2013,Blue Jasmine
tt1535109,2013,Captain Phillips
tt1939659,2013,Carrie
tt1985966,2013,Cloudy with a Chance of Meatballs 2
tt1690953,2013,Despicable Me 2
tt2229499,2013,Don Jon
tt1535108,2013,Elysium
tt1731141,2013,Ender&#39;s Game
tt0848537,2013,Epic
tt0765446,2013,Escape from Planet Earth
tt1211956,2013,Escape Plan
tt1288558,2013,Evil Dead
tt1905041,2013,Fast and Furious 6
tt2294629,2013,Frozen
tt1583421,2013,G.I. Joe: Retaliation
tt1321870,2013,Gangster Squad
tt2425486,2013,Gloria
tt1454468,2013,Gravity
tt2191701,2013,Grown Ups 2
tt1428538,2013,Hansel & Gretel: Witch Hunters
tt1798709,2013,Her
tt2024432,2013,Identity Thief
tt2226417,2013,Insidious: Chapter 2
tt1300854,2013,Iron Man 3
tt1351685,2013,Jack the Giant Slayer
tt1650554,2013,Kick-Ass 2
tt1204975,2013,Last Vegas
tt1327773,2013,Lee Daniels&#39; The Butler
tt2002718,2013,Machete Kills
tt2023587,2013,Mama
tt0770828,2013,Man of Steel
tt1821549,2013,Nebraska
tt1670345,2013,Now You See Me
tt1483013,2013,Oblivion
tt2302755,2013,Olympus Has Fallen
tt1623205,2013,Oz the Great and Powerful
tt1663662,2013,Pacific Rim
tt1980209,2013,Pain & Gain
tt1904996,2013,Parker
tt1699755,2013,Peeples
tt1854564,2013,Percy Jackson: Sea of Monsters
tt1392214,2013,Prisoners
tt0790736,2013,R.I.P.D.
tt1821694,2013,Red 2
tt1411250,2013,Riddick
tt2364841,2013,Runner Runner
tt1979320,2013,Rush
tt1702439,2013,Safe Haven
tt2140373,2013,Saving Mr. Banks
tt2053463,2013,Side Effects
tt1408101,2013,Star Trek Into Darkness
tt1572315,2013,Texas Chainsaw 3D
tt1931435,2013,The Big Wedding
tt0816442,2013,The Book Thief
tt1911644,2013,The Call
tt1457767,2013,The Conjuring
tt2193215,2013,The Counselor
tt0481499,2013,The Croods
tt2404311,2013,The Family
tt1837703,2013,The Fifth Estate
tt2005374,2013,The Frozen Ground
tt1343092,2013,The Great Gatsby
tt1951261,2013,The Hangover part 3
tt2404463,2013,The Heat
tt1170358,2013,The Hobbit: The Desolation of Smaug
tt1517260,2013,The Host
tt1951264,2013,The Hunger Games: Catching Fire
tt0790628,2013,The Incredible Burt Wonderstone
tt2234155,2013,The Internship
tt2034139,2013,The Last Exorcism Part II
tt1210819,2013,The Lone Ranger
tt1538403,2013,The Mortal Instruments: City of Bones
tt2184339,2013,The Purge
tt2017020,2013,The Smurfs 2
tt1758795,2013,The To Do List
tt1727388,2013,The Way Way Back
tt0993846,2013,The Wolf of Wall Street
tt1430132,2013,The Wolverine
tt1213663,2013,The World&#39;s End
tt1245492,2013,This Is the End
tt1981115,2013,Thor: The Dark World
tt1924429,2013,Trance
tt1860353,2013,Turbo
tt1588173,2013,Warm Bodies
tt1723121,2013,We&#39;re the Millers
tt2334879,2013,White House Down
tt0816711,2013,World War Z
tt1611224,2012,Abraham Lincoln: Vampire Hunter
tt1591479,2012,Act of Valor
tt1602620,2012,Amour
tt1781769,2012,Anna Karenina
tt1024648,2012,Argo
tt1440129,2012,Battleship
tt2125435,2012,Beasts of the Southern Wild
tt1758575,2012,Blue Like Jazz
tt1217209,2012,Brave
tt1308729,2012,Bullet to the Head
tt1991245,2012,Chernobyl Diaries
tt1706593,2012,Chronicle
tt1371111,2012,Cloud Atlas
tt1524137,2012,Contraband
tt1853728,2012,Django Unchained
tt1907668,2012,Flight
tt1142977,2012,Frankenweenie
tt2243973,2012,Hannibal
tt0837562,2012,Hotel Transylvania
tt0790724,2012,Jack Reacher
tt2106476,2012,Jagten
tt0401729,2012,John Carter
tt1764234,2012,Killing Them Softly
tt1707386,2012,Les Miserables
tt0454876,2012,Life of Pi
tt0443272,2012,Lincoln
tt1277953,2012,Madagascar 3: Europe&#39;s Most Wanted
tt1409024,2012,Men in Black III
tt1667353,2012,Mirror Mirror
tt1748122,2012,Moonrise Kingdom
tt2094064,2012,Much Ado About Nothing
tt1598828,2012,One for the Money
tt2109184,2012,Paranormal Activity 4
tt1623288,2012,ParaNorman
tt1047540,2012,Parental Guidance
tt1716777,2012,People Like Us
tt1981677,2012,Pitch Perfect
tt1547234,2012,Premium Rush
tt1234719,2012,Red Dawn
tt0485985,2012,Red Tails
tt1446192,2012,Rise of the Guardians
tt1336608,2012,Rock of Ages
tt1656190,2012,Safe
tt1862079,2012,Safety Not Guaranteed
tt1931533,2012,Seven Psychopaths
tt0938330,2012,Silent Hill: Revelation 3D
tt1045658,2012,Silver Linings Playbook
tt1922777,2012,Sinister
tt1074638,2012,Skyfall
tt1735898,2012,Snow White and the Huntsman
tt1876451,2012,Sparkle
tt2101441,2012,Spring Breakers
tt1800741,2012,Step Up Revolution
tt1874789,2012,Supporting Characters
tt1637725,2012,Ted
tt1232200,2012,That&#39;s My Boy
tt0948470,2012,The Amazing Spider-Man
tt0848228,2012,The Avengers
tt1345836,2012,The Dark Knight Rises
tt1560985,2012,The Devil Inside
tt1645170,2012,The Dictator
tt1764651,2012,The Expendables 2
tt1601913,2012,The Grey
tt0903624,2012,The Hobbit: An Unexpected Journey
tt1392170,2012,The Hunger Games
tt1649419,2012,The Impossible
tt1258972,2012,The Man with the Iron Fists
tt1560747,2012,The Master
tt1430626,2012,The Pirates! Band of Misfits
tt1817273,2012,The Place Beyond the Pines
tt1673434,2012,The Twilight Saga: Breaking Dawn - Part 2
tt1606389,2012,The Vow
tt1298649,2012,The Watch
tt1596365,2012,The Woman in Black
tt1840417,2012,The Words
tt1621045,2012,Think Like a Man
tt1859650,2012,To Rome With Love
tt1386703,2012,Total Recall
tt1496025,2012,Underworld: Awakening
tt1655460,2012,Wanderlust
tt1586265,2012,What to Expect When You&#39;re Expecting
tt1870529,2012,Won&#39;t Back Down
tt1646987,2012,Wrath of the Titans
tt1772341,2012,Wreck-It Ralph
tt1790885,2012,Zero Dark Thirty
tt1622547,2011,30 Minutes or Less
tt1306980,2011,50/50
tt1571222,2011,A Dangerous Method
tt1422136,2011,A Lonely Place to Die
tt1268799,2011,A Very Harold & Kumar 3D Christmas
tt1549572,2011,Another Earth
tt1772240,2011,Apollo 18
tt1430607,2011,Arthur Christmas
tt1478964,2011,Attack the Block
tt1284575,2011,Bad Teacher
tt1217613,2011,Battle: Los Angeles
tt1152398,2011,Beastly
tt1629705,2011,Blackthorn
tt1478338,2011,Bridesmaids
tt0458339,2011,Captain America: The First Avenger
tt1216475,2011,Cars 2
tt1684628,2011,Circumstance
tt1657507,2011,Colombiana
tt0816462,2011,Conan the Barbarian
tt1598778,2011,Contagion
tt1372686,2011,Coriolanus
tt0409847,2011,Cowboys & Aliens
tt1701990,2011,Detention
tt1650043,2011,Diary of a Wimpy Kid: Rodrick Rules
tt1564349,2011,Dolphin Tale
tt1462041,2011,Dream House
tt0780504,2011,Drive
tt1596343,2011,Fast Five
tt1622979,2011,Final Destination 5
tt1068242,2011,Footloose
tt1438176,2011,Fright Night
tt1133985,2011,Green Lantern
tt0480687,2011,Hall Pass
tt0993842,2011,Hanna
tt1201607,2011,Harry Potter and the Deathly Hallows: Part 2
tt1506999,2011,Haywire
tt1403177,2011,Hesher
tt1562568,2011,Higher Ground
tt1640459,2011,Hobo with a Shotgun
tt1411704,2011,Hop
tt1499658,2011,Horrible Bosses
tt0970179,2011,Hugo
tt1464540,2011,I Am Number Four
tt1253864,2011,Immortals
tt1637688,2011,In Time
tt1606618,2011,Iris
tt1410063,2011,Jin ling shi san chai
tt1634122,2011,Johnny English Reborn
tt1640484,2011,Jumping the Broom
tt1564367,2011,Just Go with It
tt1788391,2011,Kill List
tt1448755,2011,Killer Elite
tt1302011,2011,Kung Fu Panda 2
tt1508675,2011,Le Havre
tt1758692,2011,Like Crazy
tt1219289,2011,Limitless
tt0466893,2011,Margaret
tt1615147,2011,Margin Call
tt1305591,2011,Mars Needs Moms
tt1441326,2011,Martha Marcy May Marlene
tt1527186,2011,Melancholia
tt1605783,2011,Midnight in Paris
tt1229238,2011,Mission: Impossible - Ghost Protocol
tt1210166,2011,Moneyball
tt1396218,2011,Mr. Popper&#39;s Penguins
tt1598822,2011,New Year&#39;s Eve
tt1411238,2011,No Strings Attached
tt1720182,2011,October Baby
tt1637706,2011,Our Idiot Brother
tt1778304,2011,Paranormal Activity 3
tt1092026,2011,Paul
tt1298650,2011,Pirates of the Caribbean: On Stranger Tides
tt0822847,2011,Priest
tt0448694,2011,Puss in Boots
tt1192628,2011,Rango
tt0433035,2011,Real Steel
tt1486185,2011,Red Riding Hood
tt0873886,2011,Red State
tt1498569,2011,Restless
tt1436562,2011,Rio
tt1318514,2011,Rise of the Planet of the Apes
tt1723811,2011,Shame
tt1541995,2011,Snow Flower and the Secret Fan
tt1596346,2011,Soul Surfer
tt0945513,2011,Source Code
tt0999913,2011,Straw Dogs
tt0978764,2011,Sucker Punch
tt1650062,2011,Super 8
tt1675192,2011,Take Shelter
tt1385826,2011,The Adjustment Bureau
tt0983193,2011,The Adventures of Tintin
tt1655442,2011,The Artist
tt1412386,2011,The Best Exotic Marigold Hotel
tt1259521,2011,The Cabin in the Woods
tt1093357,2011,The Darkest Hour
tt1535616,2011,The Divide
tt1235170,2011,The Future
tt1568346,2011,The Girl with the Dragon Tattoo
tt0990407,2011,The Green Hornet
tt1540133,2011,The Guard
tt1454029,2011,The Help
tt1007029,2011,The Iron Lady
tt1189340,2011,The Lincoln Lawyer
tt0472399,2011,The Mechanic
tt1204342,2011,The Muppets
tt1161864,2011,The Rite
tt1265990,2011,The Roommate
tt0472181,2011,The Smurfs
tt1509767,2011,The Three Musketeers
tt0478304,2011,The Tree of Life
tt1324999,2011,The Twilight Saga: Breaking Dawn - Part 1
tt0800369,2011,Thor
tt1340800,2011,Tinker Tailor Soldier Spy
tt0471042,2011,Tower Heist
tt1399103,2011,Transformers: Dark of the Moon
tt1568911,2011,War Horse
tt1291584,2011,Warrior
tt1389137,2011,We Bought a Zoo
tt1714210,2011,Weekend
tt0770703,2011,What&#39;s Your Number
tt1449283,2011,Winnie the Pooh
tt1270798,2011,X-Men: First Class
tt1625346,2011,Young Adult
tt1742336,2011,Your Sister&#39;s Sister
tt1542344,2010,127 Hours
tt1014759,2010,Alice in Wonderland
tt1313092,2010,Animal Kingdom
tt1431181,2010,Another Year
tt1423894,2010,Barney&#39;s Version
tt1532503,2010,Beginners
tt1164999,2010,Biutiful
tt0947798,2010,Black Swan
tt1120985,2010,Blue Valentine
tt1126591,2010,Burlesque
tt1194417,2010,Casino Jack
tt1020558,2010,Centurion
tt1438254,2010,Charlie St. Cloud
tt0800320,2010,Clash of the Titans
tt1244754,2010,Conviction
tt1385867,2010,Cop Out
tt1555064,2010,Country Strong
tt1336617,2010,Cyrus
tt1279935,2010,Date Night
tt0989757,2010,Dear John
tt1323594,2010,Despicable Me
tt1314655,2010,Devil
tt1196141,2010,Diary of a Wimpy Kid
tt0427152,2010,Dinner for Schmucks
tt1270761,2010,Don&#39;t Be Afraid of the Dark
tt1231583,2010,Due Date
tt1013860,2010,Dylan Dog: Dead of Night
tt1282140,2010,Easy A
tt0879870,2010,"Eat, Pray, Love"
tt1226273,2010,Edge of Darkness
tt1531663,2010,Everything Must Go
tt0977855,2010,Fair Game
tt1433108,2010,Faster
tt1405500,2010,For Colored Girls
tt1323045,2010,Frozen
tt1226229,2010,Get Him To The Greek
tt1322312,2010,Going the Distance
tt0947810,2010,Green Zone
tt1375670,2010,Grown Ups
tt1376195,2010,Gunless
tt0926084,2010,Harry Potter and the Deathly Hallows: Part 1
tt1231587,2010,Hot Tub Time Machine
tt0892769,2010,How to Train Your Dragon
tt1226236,2010,I Am Love
tt1375666,2010,Inception
tt1591095,2010,Insidious
tt1228705,2010,Iron Man 2
tt0804497,2010,It&#39;s Kind of a Funny Story
tt1250777,2010,Kick-Ass
tt1013743,2010,Knight and Day
tt1038686,2010,Legion
tt1228987,2010,Let Me In
tt0892318,2010,Letters to Juliet
tt0758752,2010,Love and Other Drugs
tt0985694,2010,Machete
tt1371155,2010,Made In Dagenham
tt1518812,2010,Meek&#39;s Cutoff
tt1001526,2010,Megamind
tt1470827,2010,Monsters
tt1126618,2010,Morning Glory
tt1415283,2010,Nanny McPhee and the Big Bang
tt1334260,2010,Never Let Me Go
tt1536044,2010,Paranormal Activity 2
tt0814255,2010,Percy Jackson & the Olympians: The Lightning Thief
tt0878835,2010,Please Give
tt1424381,2010,Predators
tt0473075,2010,Prince of Persia: The Sands of Time
tt0935075,2010,Rabbit Hole
tt0493949,2010,Ramona and Beezus
tt1245526,2010,Red
tt1403981,2010,Remember Me
tt1053424,2010,Repo Men
tt0955308,2010,Robin Hood
tt0944835,2010,Salt
tt0446029,2010,Scott Pilgrim vs. the World
tt1028576,2010,Secretariat
tt1261945,2010,Sex and the city 2
tt0892791,2010,Shrek Forever After
tt1130884,2010,Shutter Island
tt1564585,2010,Skyline
tt1421051,2010,Somewhere
tt1440292,2010,Submarine
tt1512235,2010,Super
tt1135084,2010,Takers
tt0398286,2010,Tangled
tt0429493,2010,The A-Team
tt1212436,2010,The Back-up Plan
tt0980970,2010,The Chronicles of Narnia: The Voyage of the Dawn Treader
tt0968264,2010,The Conspirator
tt0455407,2010,The Crazies
tt1226753,2010,The Debt
tt1320253,2010,The Expendables
tt0964517,2010,The Fighter
tt1139328,2010,The Ghost Writer
tt0775489,2010,The Illusionist
tt1155076,2010,The Karate Kid
tt0842926,2010,The Kids Are All Right
tt0954947,2010,The Killer Inside Me
tt1504320,2010,The King&#39;s Speech
tt0938283,2010,The Last Airbender
tt1320244,2010,The Last Exorcism
tt0480255,2010,The Losers
tt1458175,2010,The Next Three Days
tt1386588,2010,The Other Guys
tt1017451,2010,The Runaways
tt1285016,2010,The Social Network
tt0963966,2010,The Sorcerer&#39;s Apprentice
tt1273678,2010,The Spy Next Door
tt0889573,2010,The Switch
tt1274300,2010,The Tempest
tt1243957,2010,The Tourist
tt0840361,2010,The Town
tt1325004,2010,The Twilight Saga: Eclipse
tt0780653,2010,The Wolfman
tt1570989,2010,Tiny Furniture
tt0435761,2010,Toy Story 3
tt1104001,2010,Tron Legacy
tt1403865,2010,True Grit
tt1465522,2010,Tucker and Dale vs Evil
tt0477080,2010,Unstoppable
tt0817230,2010,Valentine&#39;s Day
tt1027718,2010,Wall Street: Money Never Sleeps
tt1183923,2010,Welcome to the Rileys
tt1235189,2010,Wild Target
tt1399683,2010,Winter&#39;s Bone
tt1216520,2010,Womb
tt1302067,2010,Yogi Bear
tt1414382,2010,You Again
tt1182350,2010,You Will Meet a Tall Dark Stranger
tt1022603,2009,(500) Days of Summer
tt0974661,2009,17 Again
tt1190080,2009,2012
tt0472033,2009,9
tt0971209,2009,A Perfect Getaway
tt1019452,2009,A Serious Man
tt1315981,2009,A Single Man
tt1185836,2009,Adam
tt1091722,2009,Adventureland
tt1186830,2009,Agora
tt1077262,2009,Ajami
tt0881891,2009,All About Steve
tt1174732,2009,An Education
tt0808151,2009,Angels & Demons
tt0913354,2009,Armored
tt0375568,2009,Astro Boy
tt0499549,2009,Avatar
tt1176740,2009,Away We Go
tt0889583,2009,Br&uuml;no
tt0901476,2009,Bride Wars
tt0810784,2009,Bright Star
tt1210042,2009,Brooklyn&#39;s Finest
tt0765010,2009,Brothers
tt1232207,2009,Capitalism: A Love Story
tt0795351,2009,Case 39
tt1352824,2009,Chloe
tt0844471,2009,Cloudy with a Chance of Meatballs
tt1035736,2009,Coco avant Chanel
tt0327597,2009,Coraline
tt0433362,2009,Daybreakers
tt1278340,2009,Dead Snow
tt1136608,2009,District 9
tt1127180,2009,Drag Me to Hell
tt1191111,2009,Enter the Void
tt0780511,2009,Everybody&#39;s Fine
tt0432283,2009,Fantastic Mr. Fox
tt1013752,2009,Fast & Furious
tt1083456,2009,Fired Up!
tt1232776,2009,Fish Tank
tt0758746,2009,Friday the 13th
tt1201167,2009,Funny People
tt0436339,2009,G-Force
tt1046173,2009,G.I. Joe: The Rise of Cobra
tt1034032,2009,Gamer
tt1194263,2009,Get Low
tt1289406,2009,Harry Brown
tt0417741,2009,Harry Potter and the Half-Blood Prince
tt1001508,2009,He&#39;s Just Not That Into You
tt1024744,2009,I Come with the Rain
tt1045772,2009,I Love You Phillip Morris
tt1155056,2009,"I Love You, Man"
tt1080016,2009,Ice Age: Dawn of the Dinosaurs
tt0361748,2009,Inglourious Basterds
tt1057500,2009,Invictus
tt1230414,2009,It&#39;s Complicated
tt1131734,2009,Jennifer&#39;s Body
tt1135503,2009,Julie & Julia
tt0448011,2009,Knowing
tt1197624,2009,Law Abiding Citizen
tt0808526,2009,Life During Wartime
tt1149361,2009,Micmacs (Micmacs &agrave; tire-larigot)
tt0892782,2009,Monsters vs Aliens
tt1182345,2009,Moon
tt1121977,2009,Mother and Child
tt1179891,2009,My Bloody Valentine 3D
tt1078588,2009,My Sister&#39;s Keeper
tt0875034,2009,Nine
tt1186367,2009,Ninja Assassin
tt1266029,2009,Nowhere Boy
tt1235796,2009,Ondine
tt1532957,2009,Paa
tt1188729,2009,Pandorum
tt1003034,2009,Perrier&#39;s Bounty
tt0762125,2009,Planet 51
tt0929632,2009,Precious: Based on the Novel Push by Sapphire
tt1152836,2009,Public Enemies
tt0465580,2009,Push
tt0988045,2009,Sherlock Holmes
tt1017460,2009,Splice
tt0796366,2009,Star Trek
tt0473705,2009,State of Play
tt0986263,2009,Surrogates
tt0438488,2009,Terminator Salvation
tt0878804,2009,The Blind Side
tt1131729,2009,The Boat That Rocked
tt1300851,2009,The Boondock Saints II: All Saints Day
tt0362478,2009,The Box
tt0896923,2009,The City of Your Final Destination
tt1144884,2009,The Final Destination
tt1220198,2009,The Fourth Kind
tt1132620,2009,The Girl with the Dragon Tattoo
tt1103982,2009,The Girlfriend Experience
tt1247662,2009,The Good Guy
tt1119646,2009,The Hangover
tt1054606,2009,The Imaginarium of Doctor Parnassus
tt1130080,2009,The Informant!
tt1058017,2009,The Invention of Lying
tt0824758,2009,The Last Station
tt0380510,2009,The Lovely Bones
tt1234548,2009,The Men Who Stare at Goats
tt0790712,2009,The Messenger
tt0780521,2009,The Princess and the Frog
tt1041829,2009,The Proposal
tt0898367,2009,The Road
tt0485601,2009,The Secret of Kells
tt0821642,2009,The Soloist
tt1111422,2009,The Taking of Pelham 123
tt0452694,2009,The Time Traveler&#39;s Wife
tt1142988,2009,The Ugly Truth
tt1139668,2009,The Unborn
tt0962736,2009,The Young Victoria
tt1055369,2009,Transformers: Revenge of the Fallen
tt1049413,2009,Up
tt1193138,2009,Up in the Air
tt1068678,2009,Veronika Decides to Die
tt0409459,2009,Watchmen
tt1178663,2009,Whatever Works
tt0386117,2009,Where the Wild Things Are
tt1172233,2009,Whip It
tt0365929,2009,Whiteout
tt0458525,2009,X-Men Origins: Wolverine
tt0448182,2009,Yesterday Was a Lie
tt0403702,2009,Youth in Revolt
tt1156398,2009,Zombieland
tt0478087,2008,21
tt0800308,2008,Appaloosa
tt0455824,2008,Australia
tt0871426,2008,Baby Mama
tt0799934,2008,Be Kind Rewind
tt0960731,2008,Bedtime Stories
tt0861689,2008,Blindness
tt0397892,2008,Bolt
tt0887883,2008,Burn After Reading
tt0824747,2008,Changeling
tt0892255,2008,Che: Part One
tt0970411,2008,City of Ember
tt1060277,2008,Cloverfield
tt0489018,2008,Day of the Dead
tt0452608,2008,Death Race
tt1034303,2008,Defiance
tt0832266,2008,"Definitely, Maybe"
tt0483607,2008,Doomsday
tt0918927,2008,Doubt
tt1059786,2008,Eagle Eye
tt0808244,2008,Easy Virtue
tt1129423,2008,Fireproof
tt0486321,2008,Fly Me to the Moon
tt0800039,2008,Forgetting Sarah Marshall
tt0369436,2008,Four Christmases
tt0870111,2008,Frost/Nixon
tt0978759,2008,Frozen River
tt0876563,2008,Gake no ue no Ponyo
tt0995039,2008,Ghost Town
tt1205489,2008,Gran Torino
tt1104733,2008,Hamlet 2
tt0448157,2008,Hancock
tt1227929,2008,Herb & Dorothy
tt0962726,2008,High School Musical 3: Senior Year
tt0465502,2008,Igor
tt0780536,2008,In Bruges
tt0367882,2008,Indiana Jones and the Kingdom of the Crystal Skull
tt0494238,2008,Inkheart
tt0371746,2008,Iron Man
tt0373051,2008,Journey to the Center of the Earth
tt0489099,2008,Jumper
tt0441773,2008,Kung Fu Panda
tt1139797,2008,L&aring;t den r&auml;tte komma in (Let the Right One In)
tt0866439,2008,Made of Honor
tt0467197,2008,Max Payne
tt0765476,2008,Meet Dave
tt1013753,2008,Milk
tt1046997,2008,Miracle at St. Anna
tt0981227,2008,Nick and Norah&#39;s Infinite Playlist
tt0410377,2008,Nim&#39;s Island
tt0910936,2008,Pineapple Express
tt1226681,2008,Pontypool
tt0368563,2008,Possession
tt0926129,2008,Prom Night
tt0830515,2008,Quantum of Solace
tt1082868,2008,Quarantine
tt1084950,2008,Rachel Getting Married
tt0959337,2008,Revolutionary Road
tt1032755,2008,RocknRolla
tt0814314,2008,Seven Pounds
tt1000774,2008,Sex and the City
tt1010048,2008,Slumdog Millionaire
tt0811080,2008,Speed Racer
tt0942903,2008,Stargate: The Ark of Truth
tt0838283,2008,Step Brothers
tt0862846,2008,Sunshine Cleaning
tt0383028,2008,"Synecdoche, New York"
tt0936501,2008,Taken
tt0200465,2008,The Bank Job
tt0844286,2008,The Brothers Bloom
tt0499448,2008,The Chronicles of Narnia: Prince Caspian
tt0421715,2008,The Curious Case of Benjamin Button
tt0468569,2008,The Dark Knight
tt0970416,2008,The Day the Earth Stood Still
tt0406759,2008,The Eye
tt0865556,2008,The Forbidden Kingdom
tt0852713,2008,The House Bunny
tt0887912,2008,The Hurt Locker
tt0800080,2008,The Incredible Hulk
tt0981072,2008,The Lucky Ones
tt0467200,2008,The Other Boleyn Girl
tt0976051,2008,The Reader
tt0416212,2008,The Secret Life of Bees
tt1018785,2008,The Sisterhood of the Traveling Pants 2
tt0482606,2008,The Strangers
tt420238,2008,The Tale of Despereaux
tt0430770,2008,The Women
tt1125849,2008,The Wrestler
tt0882978,2008,Three Kingdoms: Resurrection of the Dragon
tt0800241,2008,Transsiberian
tt0942385,2008,Tropic Thunder
tt1099212,2008,Twilight
tt0985699,2008,Valkyrie
tt0497465,2008,Vicky Cristina Barcelona
tt0910970,2008,WALL-E
tt1185616,2008,Waltz with Bashir
tt0493464,2008,Wanted
tt0494652,2008,"Welcome Home, Roscoe Jenkins"
tt1152850,2008,Wendy and Lucy
tt1033643,2008,What Happens In Vegas
tt1068680,2008,Yes Man
tt1038988,2007,[Rec]
tt0450385,2007,1408
tt0463854,2007,28 Weeks Later
tt0381849,2007,3:10 to Yuma
tt0389722,2007,30 Days of Night
tt0411061,2007,88 Minutes
tt0445922,2007,Across the Universe
tt0783233,2007,Atonement
tt0416508,2007,Becoming Jane
tt0442933,2007,Beowulf
tt0445934,2007,Blades of Glory
tt0398808,2007,Bridge to Terabithia
tt0283503,2007,Brooklyn Rules
tt0423977,2007,Charlie Bartlett
tt0472062,2007,Charlie Wilson&#39;s War
tt0795368,2007,Death at a Funeral
tt0848557,2007,Diary of the Dead
tt0486822,2007,Disturbia
tt0765443,2007,Eastern Promises
tt0461770,2007,Enchanted
tt0486576,2007,Fantastic Four: Rise of the Silver Surfer
tt0452623,2007,Gone Baby Gone
tt0427327,2007,Hairspray
tt0373883,2007,Halloween
tt0367959,2007,Hannibal Rising
tt0373889,2007,Harry Potter and the Order of the Phoenix
tt0465494,2007,Hitman
tt0498353,2007,Hostel: Part II
tt0425112,2007,Hot Fuzz
tt0787475,2007,Hot Rod
tt0480249,2007,I Am Legend
tt0758758,2007,Into the Wild
tt0467406,2007,Juno
tt0478311,2007,Knocked Up
tt0805564,2007,Lars and the real Girl
tt0337978,2007,Live Free or Die Hard
tt0465538,2007,Michael Clayton
tt0758766,2007,Music and Lyrics
tt0477348,2007,No Country for Old Men
tt0481141,2007,No Reservations
tt1179904,2007,Paranormal Activity
tt0808417,2007,Persepolis
tt0449088,2007,Pirates of the Caribbean: At World&#39;s End
tt0477071,2007,Premonition
tt0382932,2007,Ratatouille
tt0432021,2007,Resident Evil: Extinction
tt00293564,2007,Rush Hour 3
tt0822854,2007,Shooter
tt0413267,2007,Shrek the Third
tt0964587,2007,St. Trinian&#39;s
tt0486655,2007,Stardust
tt0448134,2007,Sunshine
tt0829482,2007,Superbad
tt0815244,2007,Sydney White
tt0780622,2007,Teeth
tt0825232,2007,The Bucket List
tt0385752,2007,The Golden Compass
tt0419887,2007,The Kite Runner
tt0756683,2007,The Man from Earth
tt0425430,2007,The Messengers
tt0884328,2007,The Mist
tt0481369,2007,The Number 23
tt0775529,2007,The Savages
tt0780607,2007,The Signal
tt0462538,2007,The Simpsons Movie
tt0857191,2007,The Visitor
tt0469494,2007,There Will Be Blood
tt0453556,2007,TMNT
tt0418279,2007,Transformers
tt0861739,2007,Tropa de Elite
tt0473308,2007,Waitress
tt0498399,2007,We Own the Night
tt0496436,2007,White Noise 2: The Light
tt0416449,2006,300
tt0405296,2006,A Scanner Darkly
tt0437800,2006,Akeelah and the Bee
tt0429591,2006,Aquamarine
tt0416496,2006,Bandidas
tt0454082,2006,Black Christmas
tt0450259,2006,Blood Diamond
tt0479647,2006,"Bon Cop, Bad Cop"
tt0443453,2006,Borat: Cultural Learnings of America for Make Benefit Glorious Nation of Kazakhstan
tt0470705,2006,Bug
tt0317219,2006,Cars
tt0381061,2006,Casino Royale
tt0206634,2006,Children of Men
tt0424345,2006,Clerks II
tt0479884,2006,Crank
tt0405094,2006,Das Leben Der Anderen
tt0398913,2006,DOA: Dead or Alive
tt0457430,2006,El laberinto del fauno (Pan's Labyrinth)
tt0449010,2006,Eragon
tt0457572,2006,Fido
tt0414982,2006,Final Destination 3
tt0424095,2006,Flushed Away
tt0470765,2006,For Your Consideration
tt0436331,2006,Friends with Money
tt0438097,2006,Ice Age: The Meltdown
tt0417225,2006,Idlewild
tt0454848,2006,Inside Man
tt0493430,2006,Jackass Number Two
tt0452637,2006,Lady in the Water
tt0408985,2006,Last Holiday
tt0498380,2006,Letters from Iwo Jima
tt0404203,2006,Little Children
tt0449059,2006,Little Miss Sunshine
tt0490166,2006,London To Brighton
tt0425210,2006,Lucky Number Slevin
tt0483726,2006,Man of the Year
tt0422720,2006,Marie Antoinette
tt0482546,2006,Miss Potter
tt0385880,2006,Monster House
tt0457510,2006,Nacho Libre
tt0477347,2006,Night at the Museum
tt0465551,2006,Notes on a Scandal
tt0907657,2006,Once
tt0400717,2006,Open Season
tt0401711,2006,Paris je t&#39;aime
tt0396171,2006,Perfume: The Story of a Murderer
tt0383574,2006,Pirates of the Caribbean: Dead Man&#39;s Chest
tt0409182,2006,Poseidon
tt0451176,2006,Quinceanera
tt0405508,2006,Rang De Basanti
tt0439289,2006,Running with Scissors
tt0454945,2006,She&#39;s the Man
tt0423169,2006,Sherrybaby
tt0367027,2006,Shortbus
tt0384537,2006,Silent Hill
tt0439815,2006,Slither
tt0475394,2006,Smokin&#39; Aces
tt0417148,2006,Snakes on a Plane
tt0405336,2006,Southland Tales
tt0430634,2006,Stick It
tt0420223,2006,Stranger Than Fiction
tt0348150,2006,Superman Returns
tt0446046,2006,Take the Lead
tt0429589,2006,The Ant Bully
tt0452594,2006,The Break Up
tt0382625,2006,The Da Vinci Code
tt0783238,2006,The Dead Girl
tt0407887,2006,The Departed
tt0458352,2006,The Devil Wears Prada
tt0414993,2006,The Fountain
tt0433386,2006,The Grudge 2
tt0464049,2006,The History Boys
tt0457939,2006,The Holiday
tt0468492,2006,The Host
tt0443543,2006,The Illusionist
tt0410297,2006,The Lake House
tt0446755,2006,The Painted Veil
tt0482571,2006,The Prestige
tt0454921,2006,The Pursuit of Happyness
tt0436697,2006,The Queen
tt0460989,2006,The Wind That Shakes the Barley
tt0370032,2006,Ultraviolet
tt0441909,2006,Volver
tt0758794,2006,We Are Marshall
tt0455857,2006,When a Stranger Calls
tt0477139,2006,Wristcutters: A Love Story
tt0376994,2006,X-Men: The Last Stand
tt0463034,2006,"You, Me and Dupree"
tt0383060,2006,Zoom
tt0389557,2006,Zwartboek
tt0402022,2005,AEon Flux
tt0398712,2005,Assault on Precinct 13
tt0372784,2005,Batman Begins
tt0388500,2005,Beauty Shop
tt0374536,2005,Bewitched
tt0383222,2005,BloodRayne
tt0357507,2005,Boogeyman
tt0439478,2005,Boynton Beach Club
tt0393109,2005,Brick
tt0388795,2005,Brokeback Mountain
tt0379725,2005,Capote
tt0367594,2005,Charlie and the Chocolate Factory
tt0451094,2005,Chinjeolhan geumjassi
tt0352248,2005,Cinderella Man
tt0393162,2005,Coach Carter
tt0360486,2005,Constantine
tt0435623,2005,Conversations with Other Women
tt0121164,2005,Corpse Bride
tt0257516,2005,Cursed
tt0342258,2005,Danny the dog
tt0382628,2005,Dark Water
tt0342272,2005,Dear Wendy
tt0421054,2005,Domino
tt0419706,2005,Doom
tt0120667,2005,Fantastic Four
tt0408790,2005,Flightplan
tt0369441,2005,Fun with Dick and Jane
tt0433383,2005,"Good Night, and Good Luck."
tt0424136,2005,Hard Candy
tt0330373,2005,Harry Potter and the Goblet of Fire
tt0400497,2005,Herbie Fully Loaded
tt0382077,2005,Hide and Seek
tt0386588,2005,Hitch
tt0443536,2005,Hoodwinked!
tt0450278,2005,Hostel
tt0410097,2005,Hustle & Flow
tt0396652,2005,Ice Princess
tt0418763,2005,Jarhead
tt0418773,2005,Junebug
tt0425123,2005,Just Like Heaven
tt0360717,2005,King Kong
tt0320661,2005,Kingdom of Heaven
tt0373469,2005,Kiss Kiss Bang Bang
tt0399295,2005,Lord of War
tt0351283,2005,Madagascar
tt0331933,2005,Man of the House
tt0416320,2005,Match Point
tt0415978,2005,Me and You and Everyone We Know
tt0397535,2005,Memoirs of a Geisha
tt0366780,2005,MirrorMask
tt0385307,2005,Miss Congeniality 2: Armed & Fabulous
tt0356910,2005,Mr. & Mrs. Smith
tt0408306,2005,Munich
tt0395972,2005,North Country
tt0380599,2005,Oliver Twist
tt0414387,2005,Pride and Prejudice
tt0377107,2005,Proof
tt0421239,2005,Red Eye
tt0294870,2005,Rent
tt0358082,2005,Robots
tt0432348,2005,Saw II
tt0379786,2005,Serenity
tt0338427,2005,Shopgirl
tt0401792,2005,Sin City
tt0474361,2005,Sisters in Law
tt0405325,2005,Sky High
tt0362165,2005,Son of the Mask
tt0121766,2005,Star Wars: Episode III - Revenge of the Sith
tt0382992,2005,Stealth
tt0369994,2005,Strangers with Candy
tt0427944,2005,Thank You for Smoking
tt0405422,2005,The 40 Year Old Virgin
tt0424774,2005,The Adventures of Sharkboy and Lavagirl 3-D
tt0384806,2005,The Amityville Horror
tt0357110,2005,The Ballad of Jack and Rose
tt0363771,2005,"The Chronicles of Narnia: The Lion, the Witch and the Wardrobe"
tt0387131,2005,The Constant Gardener
tt0435625,2005,The Descent
tt0395584,2005,The Devil&#39;s Rejects
tt0404032,2005,The Exorcism of Emily Rose
tt0432291,2005,The Fog
tt0371724,2005,The Hitchhiker&#39;s Guide to the Galaxy
tt0399201,2005,The Island
tt0366627,2005,The Jacket
tt0386140,2005,The Legend of Zorro
tt0402399,2005,The New World
tt0377109,2005,The Ring Two
tt0397101,2005,The Skeleton Key
tt0367089,2005,The Squid and the Whale
tt0372532,2005,The Wedding Date
tt0407265,2005,Transamerica
tt0423409,2005,Tristram Shandy: A Cock and Bull Story
tt0434409,2005,V for Vendetta
tt0348333,2005,Waiting...
tt0358273,2005,Walk the Line
tt0407304,2005,War of the Worlds
tt0240200,2005,Water
tt0375210,2005,White Noise
tt0443295,2005,"Yours, Mine and Ours"
tt0406375,2005,Zathura: A Space Adventure
tt0337563,2004,13 Going on 30
tt0212712,2004,2046
tt0343660,2004,50 First Dates
tt0356470,2004,A Cinderella Story
tt0359423,2004,A Home at the End of The World
tt0344510,2004,A Very Long Engagement
tt0357413,2004,Anchorman: The Legend of Ron Burgundy
tt0327437,2004,Around the World in 80 Days
tt0370263,2004,AVP: Alien vs. Predator
tt0414852,2004,Banlieue 13
tt0381681,2004,Before Sunset
tt0317198,2004,Bridget Jones: The Edge of Reason
tt0327554,2004,Catwoman
tt0337921,2004,Cellular
tt0376541,2004,Closer
tt0369339,2004,Collateral
tt0345074,2004,Connie and Carla
tt0375679,2004,Crash
tt0367631,2004,D.E.B.S.
tt0363547,2004,Dawn of the Dead
tt0364725,2004,Dodgeball: A True Underdog Story
tt0327679,2004,Ella Enchanted
tt0338013,2004,Eternal Sunshine of the Spotless Mind
tt0349416,2004,Eulogy
tt0308644,2004,Finding Neverland
tt0377062,2004,Flight of the Phoenix
tt0333766,2004,Garden State
tt0366551,2004,Harold and Kumar Go to White Castle
tt0304141,2004,Harry Potter and the Prisoner of  Azkaban
tt0167190,2004,Hellboy
tt0299172,2004,Home on the Range
tt0356721,2004,I Heart Huckabees
tt0343818,2004,"I, Robot"
tt0385267,2004,In Good Company
tt0362269,2004,Kinsey
tt0373074,2004,Kung Fu Hustle
tt0375912,2004,Layer Cake
tt0339291,2004,Lemony Snicket&#39;s A Series of Unfortunate Events
tt0390221,2004,Maria Full of Grace
tt0377092,2004,Mean Girls
tt0405159,2004,Million Dollar Baby
tt0349825,2004,Miracle
tt0382189,2004,My Summer of Love
tt0374900,2004,Napoleon Dynamite
tt0363282,2004,New York Minute
tt0390384,2004,Primer
tt0350028,2004,Raising Helen
tt0350258,2004,Ray
tt0318627,2004,Resident Evil: Apocalypse
tt0332375,2004,Saved!
tt0387564,2004,Saw
tt0363988,2004,Secret Window
tt0307453,2004,Shark Tale
tt0365748,2004,Shaun of the Dead
tt0298148,2004,Shrek 2
tt0375063,2004,Sideways
tt0346156,2004,Sky Captain and the World of Tomorrow
tt0371246,2004,Spanglish
tt0316654,2004,Spider-Man 2
tt0372588,2004,Team America: World Police
tt0338751,2004,The Aviator
tt0372183,2004,The Bourne Supremacy
tt0289879,2004,The Butterfly Effect
tt0296572,2004,The Chronicles of Riddick
tt0319262,2004,The Day After Tomorrow
tt0391198,2004,The Grudge
tt0317705,2004,The Incredibles
tt0362270,2004,The Life Aquatic with Steve Zissou
tt0332280,2004,The Notebook
tt0293508,2004,The Phantom of the Opera
tt0338348,2004,The Polar Express
tt0368933,2004,The Princess Diaries 2: Royal Engagement
tt0327162,2004,The Stepford Wives
tt0362227,2004,The Terminal
tt0368447,2004,The Village
tt0327247,2004,The Whole Ten Yards
tt0332452,2004,Troy
tt0338526,2004,Van Helsing
tt0383694,2004,Vera Drake
tt0381707,2004,White Chicks
tt0360201,2004,Wimbledon
tt0322259,2003,2 Fast 2 Furious
tt0315733,2003,21 grams
tt0319061,2003,Big Fish
tt0310778,2003,Bon voyage
tt0315327,2003,Bruce Almighty
tt0305357,2003,Charlie&#39;s Angels: Full Throttle
tt0159365,2003,Cold Mountain
tt0306685,2003,Cradle 2 the Grave
tt0317303,2003,Daddy Day Care
tt0287978,2003,Daredevil
tt0282209,2003,Darkness Falls
tt0285531,2003,Dreamcatcher
tt0309593,2003,Final Destination 2
tt0266543,2003,Finding Nemo
tt0322330,2003,Freaky Friday
tt0335119,2003,Girl with a Pearl Earring
tt0301357,2003,Goodbye Lenin!
tt0311289,2003,Holes
tt0329717,2003,Hollywood Homicide
tt0315983,2003,House of Sand and Fog
tt0251127,2003,How to Lose a Guy in 10 Days
tt0286716,2003,Hulk
tt0309698,2003,Identity
tt0199626,2003,In the Cut
tt0301470,2003,Jeepers Creepers II
tt0266697,2003,Kill Bill: Vol. 1
tt0325703,2003,Lara Croft Tomb Raider: The Cradle of Life
tt0333780,2003,"Legally Blonde 2: Red, White & Blonde"
tt0286244,2003,Les triplettes de Belleville
tt0335266,2003,Lost In Translation
tt0314331,2003,Love Actually
tt0311113,2003,Master and Commander: The Far Side of the World
tt0304415,2003,Mona Lisa Smile
tt0340855,2003,Monster
tt0327056,2003,Mystic River
tt0316396,2003,Peter Pan
tt0325980,2003,Pirates of the Caribbean: The Curse of the Black Pearl
tt0366920,2003,Pride and Prejudice
tt0257076,2003,S.W.A.T.
tt0306047,2003,Scary Movie 3
tt0327137,2003,Secondhand Lions
tt0300471,2003,Shanghai Knights
tt0323944,2003,Shattered Glass
tt0165982,2003,Sinbad: Legend of the Seven Seas
tt0337741,2003,Something&#39;s Gotta Give
tt0338459,2003,Spy Kids 3-D: Game Over
tt0324133,2003,Swimming Pool
tt0181852,2003,Terminator 3: Rise of the Machines
tt0298814,2003,The Core
tt0317740,2003,The Italian Job
tt0283426,2003,The Jungle Book 2
tt0325710,2003,The Last Samurai
tt0311429,2003,The League of Extraordinary Gentlemen
tt0167260,2003,The Lord of the Rings: The Return of the King
tt0234215,2003,The Matrix Reloaded
tt0242653,2003,The Matrix Revolutions
tt0338188,2003,The Missing
tt0332379,2003,The School of Rock
tt0328538,2003,Thirteen
tt0300556,2003,Timeline
tt0339840,2003,Undead
tt0320691,2003,Underworld
tt0295700,2003,Wrong Turn
tt0290334,2003,X2 (X-Men 2)
tt0307901,2002,25th Hour
tt0289043,2002,28 Days Later...
tt0283832,2002,8 femmes
tt0298203,2002,8 Mile
tt0257360,2002,About Schmidt
tt0268126,2002,Adaptation
tt0286261,2002,All or Nothing
tt0168786,2002,Antwone Fisher
tt0295178,2002,Austin Powers in Goldmember
tt0286499,2002,Bend It Like Beckham
tt0187738,2002,Blade II
tt0300532,2002,Blue Crush
tt0303816,2002,Cabin Fever
tt0319970,2002,Carrie
tt0264464,2002,Catch Me If You Can
tt0299658,2002,Chicago
tt0275022,2002,Crossroads
tt0266452,2002,Death to Smoochy
tt0246460,2002,Die Another Day
tt0303933,2002,Drumline
tt0238380,2002,Equilibrium
tt0297884,2002,Far from Heaven
tt0120679,2002,Frida
tt0327753,2002,Funny Ha Ha
tt0217505,2002,Gangs of New York
tt0302674,2002,Gerry
tt0295297,2002,Harry Potter and the Chamber of Secrets
tt0257756,2002,High Crimes
tt0297181,2002,I Spy
tt0268380,2002,Ice Age
tt0280760,2002,Igby Goes Down
tt0278504,2002,Insomnia
tt0275847,2002,Lilo and Stitch
tt0252076,2002,Maid in Manhattan
tt0303361,2002,May
tt0120912,2002,Men in Black II
tt0181689,2002,Minority Report
tt0280590,2002,Mr Deeds
tt0259446,2002,My Big Fat Greek Wedding
tt0258000,2002,Panic Room
tt0183649,2002,Phone Booth
tt0238546,2002,Queen of the Damned
tt0252444,2002,Rabbit-Proof Fence
tt0296166,2002,Real Women Have Curves
tt0289765,2002,Red Dragon
tt0253556,2002,Reign of Fire
tt0120804,2002,Resident Evil
tt0267913,2002,Scooby-Doo
tt0286106,2002,Signs
tt0281373,2002,Snow Dogs
tt0307479,2002,Solaris
tt0145487,2002,Spider-Man
tt0166813,2002,Spirit: Stallion of the Cimarron
tt0283003,2002,Spun
tt0287717,2002,Spy Kids 2: Island of Lost Dreams
tt0253754,2002,Star Trek: Nemesis
tt0121765,2002,Star Wars: Episode II - Attack of the Clones
tt0180052,2002,The Adventures of Pluto Nash
tt0280460,2002,The Banger Sisters
tt0258463,2002,The Bourne Identity
tt0238924,2002,The Dangerous Lives of Altar Boys
tt0279113,2002,The Good Girl
tt0274558,2002,The Hours
tt0278500,2002,The Importance of Being Earnest
tt0167261,2002,The Lord of the Rings: The Two Towers
tt0289408,2002,The Powerpuff Girls
tt0258068,2002,The Quiet American
tt0298130,2002,The Ring
tt0292644,2002,The Rules of Attraction
tt0304669,2002,The Santa Clause 2
tt0253867,2002,The Sweetest Thing
tt0293662,2002,The Transporter
tt0290095,2002,The Tuxedo
tt0133240,2002,Treasure Planet
tt0283084,2002,Tuck Everlasting
tt0313737,2002,Two Weeks Notice
tt0277434,2002,We Were Soldiers
tt0298228,2002,Whale Rider
tt0283139,2002,White Oleander
tt0295701,2002,xXx
tt0268978,2001,A Beautiful Mind
tt0183790,2001,A Knight&#39;s Tale
tt0164334,2001,Along Came A Spider
tt0244000,2001,American Outlaws
tt0218817,2001,Antitrust
tt0212720,2001,Artificial Intelligence: AI
tt0230011,2001,Atlantis: The Lost Empire
tt0265086,2001,Black Hawk Down
tt0221027,2001,Blow
tt0243155,2001,Bridget Jones&#39;s Diary
tt0260866,2001,Don&#39;t Say A Word
tt0246578,2001,Donnie Darko
tt0240462,2001,Dr. Dolittle 2
tt0251075,2001,Evolution
tt0120681,2001,From Hell
tt0162346,2001,Ghost World
tt0280707,2001,Gosford Park
tt0212985,2001,Hannibal
tt0241527,2001,Harry Potter and the Sorcerer&#39;s Stone
tt0248845,2001,Hedwig and the Angry Inch
tt0253126,2001,High Heels and Low Lifes
tt0160399,2001,Impostor
tt0211443,2001,Jason X
tt0261392,2001,Jay and Silent Bob Strike Back
tt0263488,2001,Jeepers Creepers
tt0236348,2001,Josie and the Pussycats
tt0035423,2001,Kate & Leopold
tt0271027,2001,Kiss of the Dragon
tt0264761,2001,Kissing Jessica Stein
tt0242587,2001,L.I.E.
tt0146316,2001,Lara Croft: Tomb Raider
tt0250494,2001,Legally Blonde
tt0258273,2001,Lovely and Amazing
tt0166276,2001,Monkeybone
tt0265343,2001,Monsoon Wedding
tt0198781,2001,"Monsters, Inc."
tt0203009,2001,Moulin Rouge!
tt0166924,2001,Mulholland Dr.
tt0161860,2001,Nowhere in Africa
tt0240772,2001,Ocean&#39;s Eleven
tt0181739,2001,Osmosis Jones
tt0213149,2001,Pearl Harbor
tt0206275,2001,Save the Last Dance
tt0256380,2001,Shallow Hal
tt0286112,2001,Shaolin Soccer
tt0126029,2001,Shrek
tt0244970,2001,Someone Like You...
tt0227538,2001,Spy Kids
tt0247745,2001,Super Troopers
tt0232500,2001,The Fast and the Furious
tt0221218,2001,The Glass House
tt0290879,2001,The Legend of Suriyothai
tt0120737,2001,The Lord of the Rings: The Fellowship of the Ring
tt0268995,2001,The Majestic
tt0267804,2001,The One
tt0230600,2001,The Others
tt0247638,2001,The Princess Diaries
tt0265666,2001,The Royal Tenenbaums
tt0209475,2001,The Wedding Planner
tt0245674,2001,Thir13en Ghosts
tt0139654,2001,Training Day
tt0242998,2001,Valentine
tt0259711,2001,Vanilla Sky
tt0196229,2001,Zoolander
tt0191754,2000,28 Days
tt0181875,2000,Almost Famous
tt0144084,2000,American Psycho
tt0221889,2000,Beautiful Creatures
tt0218839,2000,Best in Show
tt0249462,2000,Billy Elliot
tt0181984,2000,Boiler Room
tt0204946,2000,Bring It On
tt0162222,2000,Cast Away
tt0173716,2000,Cecil B. Demented
tt0210616,2000,Center Stage
tt0160127,2000,Charlie&#39;s Angels
tt0120630,2000,Chicken Run
tt0241303,2000,Chocolat
tt0200550,2000,Coyote Ugly
tt0168629,2000,Dancer in the Dark
tt0242423,2000,"Dude, Where&#39;s My Car"
tt0142032,2000,Dune
tt0195685,2000,Erin Brockovich
tt0195714,2000,Final Destination
tt0172495,2000,Gladiator
tt0187078,2000,Gone in Sixty Seconds
tt0146882,2000,High Fidelity
tt0164052,2000,Hollow Man
tt0185431,2000,Little Nicky
tt0199725,2000,Love & Basketball
tt0212338,2000,Meet the Parents
tt0209144,2000,Memento
tt0212346,2000,Miss Congeniality
tt0183523,2000,Mission to Mars
tt0190590,2000,"O Brother, Where Art Thou?"
tt0134847,2000,Pitch Black
tt0257001,2000,Pokemon: The Movie 2000
tt0199753,2000,Red Planet
tt0210945,2000,Remember the Titans
tt0180093,2000,Requiem for a Dream
tt0122459,2000,Return to Me
tt0165929,2000,Romeo Must Die
tt0213203,2000,Rugrats in Paris:
tt0195234,2000,Saving Grace
tt0134084,2000,Scream 3
tt0203119,2000,Sexy Beast
tt0184894,2000,Shanghai Noon
tt0208092,2000,Snatch.
tt0210299,2000,Songcatcher
tt0163978,2000,The Beach
tt0209958,2000,The Cell
tt0120917,2000,The Emperor&#39;s New Groove
tt0219699,2000,The Gift
tt0187393,2000,The Patriot
tt0138749,2000,The Road to El Dorado
tt0202677,2000,The Way of the Gun
tt0190138,2000,The Whole Nine Yards
tt0146309,2000,Thirteen days
tt0120913,2000,Titan A.E.
tt0217869,2000,Unbreakable
tt0182508,2000,Urbania
tt0190865,2000,Vertical Limit
tt0161081,2000,What Lies Beneath
tt0207201,2000,What Women Want
tt0198021,2000,Where the Heart Is
tt0190332,2000,"Wo hu cang long (Crouching Tiger, Hidden Dragon)"
tt0120903,2000,X-Men
tt0147800,1999,10 Things I Hate About You
tt0134273,1999,8MM
tt0169547,1999,American Beauty
tt0163651,1999,American Pie
tt0122933,1999,Analyze This
tt0166485,1999,Anna and the King
tt0149691,1999,Anywhere But Here
tt0145660,1999,Austin Powers: The Spy Who Shagged Me
tt0120601,1999,Being John Malkovich
tt0165643,1999,Black and White
tt0181316,1999,Blue Streak
tt0171804,1999,Boys Don&#39;t Cry
tt0179116,1999,But I&#39;m a Cheerleader
tt0144814,1999,Carrie 2: The Rage
tt0139134,1999,Cruel Intentions
tt0144168,1999,Dick
tt0120655,1999,Dogma
tt0157503,1999,Drop Dead Gorgeous
tt0126886,1999,Election
tt0120663,1999,Eyes Wide Shut
tt0137523,1999,Fight Club
tt0155711,1999,Flawless
tt0126916,1999,For Love of the Game
tt0177789,1999,Galaxy Quest
tt0172493,1999,"Girl, Interrupted"
tt0139239,1999,Go!
tt0155776,1999,Jawbreaker
tt0175880,1999,Magnolia
tt0158811,1999,Muppets From Space
tt0132347,1999,Mystery Men
tt0125439,1999,Notting Hill
tt0151804,1999,Office Space
tt0120784,1999,Payback
tt0190641,1999,Pocket Monsters: Mewtwo Strikes Back!
tt0129332,1999,Ravenous
tt0162661,1999,Sleepy Hollow
tt0158983,1999,South Park: Bigger Longer & Uncut
tt0120915,1999,Star Wars: Episode I - The Phantom Menace
tt0164912,1999,Stuart Little
tt0120855,1999,Tarzan
tt0120657,1999,The 13th Warrior
tt0185937,1999,The Blair Witch Project
tt0144117,1999,The Boondock Saints
tt0120689,1999,The Green Mile
tt0171363,1999,The Haunting
tt0129167,1999,The Iron Giant
tt0133093,1999,The Matrix
tt0120616,1999,The Mummy
tt0167404,1999,The Sixth Sense
tt0134119,1999,The Talented Mr. Ripley
tt0144640,1999,Three to Tango
tt0151568,1999,Topsy-Turvy
tt0120363,1999,Toy Story 2
tt0120458,1999,Virus
tt0120891,1999,Wild Wild West
tt0131646,1999,Wing Commander
tt0120577,1998,54
tt0120623,1998,A Bug&#39;s Life
tt0120586,1998,American History X
tt0120591,1998,Armageddon
tt0120603,1998,Beloved
tt0120611,1998,Blade
tt0144120,1998,Bride of Chucky
tt0118789,1998,Buffalo &#39;66
tt0118929,1998,Dark City
tt0120647,1998,Deep Impact
tt0134619,1998,Disturbing Behavior
tt0127536,1998,Elizabeth
tt0120660,1998,Enemy of the State
tt0120631,1998,Ever After
tt0120669,1998,Fear and Loathing in Las Vegas
tt0154420,1998,Festen (The Celebration)
tt0162973,1998,Get Real
tt0120685,1998,Godzilla
tt0120694,1998,Halloween H20: 20 Years Later
tt0147612,1998,Happiness
tt0119313,1998,Hope Floats
tt0147004,1998,Little Voice
tt0120735,1998,"Lock, Stock and Two Smoking Barrels"
tt0120738,1998,Lost in Space
tt0120749,1998,Mercury Rising
tt0120762,1998,Mulan
tt0120780,1998,Out of Sight
tt0138704,1998,Pi
tt0120791,1998,Practical Magic
tt0119942,1998,Primary Colors
tt0120800,1998,Quest for Camelot
tt0128442,1998,Rounders
tt0130827,1998,Run Lola Run
tt0120812,1998,Rush Hour
tt0128445,1998,Rushmore
tt0120813,1998,Safe Men
tt0120815,1998,Saving Private Ryan
tt0138097,1998,Shakespeare in Love
tt0120828,1998,Six Days Seven Nights
tt0120148,1998,Sliding Doors
tt0120831,1998,Slums of Beverly Hills
tt0122718,1998,Small Soldiers
tt0120321,1998,Smoke Signals
tt0120184,1998,Sphere
tt0120844,1998,Star Trek: Insurrection
tt0120686,1998,Stepmom
tt0118661,1998,The Avengers
tt0118715,1998,The Big Lebowski
tt0133751,1998,The Faculty
tt0120744,1998,The Man in the Iron Mask
tt0120746,1998,The Mask of Zorro
tt0120768,1998,The Negotiator
tt0120794,1998,The Prince of Egypt
tt0120108,1998,The Proposition
tt0120863,1998,The Thin Red Line
tt0120382,1998,The Truman Show
tt0129387,1998,There&#39;s Something About Mary
tt0146336,1998,Urban Legend
tt0120877,1998,Vampires (John Carpenter&#39;s)
tt0120879,1998,Velvet Goldmine
tt0120890,1998,Wild Things
tt0128853,1998,You&#39;ve Got Mail
tt0120133,1997,A Simple Wish
tt0118570,1997,Air Bud
tt0118571,1997,Air Force One
tt0118583,1997,Alien: Resurrection
tt0118617,1997,Anastasia
tt0119822,1997,As Good as It Gets
tt0118655,1997,Austin Powers: International Man of Mystery
tt0118688,1997,Batman & Robin
tt0118749,1997,Boogie Nights
tt0118829,1997,Cats Don&#39;t Dance
tt0118842,1997,Chasing Amy
tt0128996,1997,Cinderella
tt0118866,1997,Clockwatchers
tt0118880,1997,Con Air
tt0118883,1997,Conspiracy Theory
tt0118884,1997,Contact
tt0119080,1997,Eve&#39;s Bayou
tt0119081,1997,Event Horizon
tt0119114,1997,Fever Pitch
tt0119137,1997,Flubber
tt0119173,1997,G.I. Jane
tt0119177,1997,Gattaca
tt0119190,1997,George of the Jungle
tt0119217,1997,Good Will Hunting
tt0119229,1997,Grosse Pointe Blank
tt0119282,1997,Hercules
tt0119345,1997,I Know What You Did Last Summer
tt0119361,1997,In the Company of Men
tt0119396,1997,Jackie Brown
tt0119468,1997,Kiss the Girls
tt0119488,1997,L.A. Confidential
tt0119528,1997,Liar Liar
tt0119654,1997,Men in Black
tt0119698,1997,Mononoke-hime
tt0119707,1997,Mortal Kombat: Annihilation
tt0417001,1997,Must love Dogs
tt0119738,1997,My Best Friend&#39;s Wedding
tt0124819,1997,Orgazmo
tt0120082,1997,Scream 2
tt0120094,1997,Selena
tt0120152,1997,Smilla&#39;s Sense of Snow
tt0120177,1997,Spawn
tt0120201,1997,Starship Troopers
tt0118971,1997,The Devil&#39;s Advocate
tt0119116,1997,The Fifth Element
tt0119174,1997,The Game
tt0119567,1997,The Lost World: Jurassic Park
tt0119874,1997,The Peacemaker
tt0119925,1997,The Postman
tt0120338,1997,Titanic
tt0120461,1997,Volcano
tt0115591,1996,August
tt0115736,1996,Bound
tt0115759,1996,Broken Arrow
tt0115857,1996,Chain Reaction
tt0116136,1996,DragonHeart
tt0116191,1996,Emma
tt0116225,1996,Escape from L.A.
tt0116260,1996,Eye for an Eye
tt0116282,1996,Fargo
tt0116361,1996,Freeway
tt0116367,1996,From Dusk Till Dawn
tt0116477,1996,Hamlet
tt0116493,1996,Harriet the Spy
tt0116629,1996,Independence Day
tt0116705,1996,Jingle All the Way
tt0116778,1996,Kingpin
tt0116931,1996,Love and Other Catastrophes
tt0116996,1996,Mars Attacks!
tt0117060,1996,Mission: Impossible
tt0117509,1996,Romeo + Juliet
tt0117571,1996,Scream
tt0117589,1996,Secrets & Lies
tt0117603,1996,Set It Off
tt0117705,1996,Space Jam
tt0117723,1996,Spy Hard
tt0117731,1996,Star Trek: First Contact
tt0117765,1996,Striptease
tt0117887,1996,That Thing You Do!
tt0115798,1996,The Cable Guy
tt0115963,1996,The Craft
tt0116209,1996,The English Patient
tt0116277,1996,The Fan
tt0116313,1996,The First Wives Club
tt0116421,1996,The Glimmer Man
tt0116583,1996,The Hunchback of Notre Dame
tt0116908,1996,The Long Kiss Goodnight
tt0117057,1996,The Mirror Has Two Faces
tt0117500,1996,The Rock
tt0117951,1996,Trainspotting
tt0117998,1996,Twister
tt0118113,1996,Walking and Talking
tt0115856,1996,When the Cat&#39;s Away
tt0112384,1995,Apollo 13
tt0112401,1995,Assassins
tt0112462,1995,Batman Forever
tt0112471,1995,Before Sunrise
tt0112573,1995,Braveheart
tt0112641,1995,Casino
tt0112642,1995,Casper
tt0112697,1995,Clueless
tt0112715,1995,Congo
tt0112722,1995,Copycat
tt0112864,1995,Die Hard: With a Vengeance
tt0113101,1995,Four rooms
tt0113321,1995,Home for the holidays
tt0113497,1995,Jumanji
tt0113749,1995,Mallrats
tt0113855,1995,Mortal Kombat
tt0114069,1995,Outbreak
tt0114148,1995,Pocahontas
tt0112130,1995,Pride and Prejudice
tt0114319,1995,Sabrina
tt0114323,1995,Safe
tt0114369,1995,Se7en
tt0114388,1995,Sense and Sensibility
tt0114436,1995,Showgirls
tt0114508,1995,Species
tt0114614,1995,Tank Girl
tt0112346,1995,The American President
tt0112579,1995,The Bridges of Madison County
tt0113416,1995,The Incredibly True Adventures of Two Girls in Love
tt0113957,1995,The Net
tt0114214,1995,The Quick and the Dead
tt0114814,1995,The Usual Suspects
tt0114709,1995,Toy Story
tt0114746,1995,Twelve Monkeys
tt0114898,1995,Waterworld
tt0114906,1995,Welcome to the Dollhouse
tt0109040,1994,Ace Ventura: Pet Detective
tt0109254,1994,Beverly Hills Cop III
tt0109445,1994,Clerks.
tt0109504,1994,Crooklyn
tt0109686,1994,Dumb & Dumber
tt0109707,1994,Ed Wood
tt0109830,1994,Forrest Gump
tt0110322,1994,Legends of the Fall
tt0110367,1994,Little Women
tt0110622,1994,Naked Gun 33 1/3: The Final Insult
tt0110857,1994,Police Academy: Mission to Moscow
tt0110889,1994,Priest
tt0110912,1994,Pulp Fiction
tt0111257,1994,Speed
tt0111282,1994,Stargate
tt0111301,1994,Street Fighter
tt0109446,1994,The Client
tt0110074,1994,The Hudsucker Proxy
tt0110357,1994,The Lion King
tt0110475,1994,The Mask
tt0111070,1994,The Santa Clause
tt0111143,1994,The Shadow
tt0111161,1994,The Shawshank Redemption
tt0111255,1994,The Specialist
tt0111438,1994,Timecop
tt0111503,1994,True Lies
tt0106582,1993,Cliffhanger
tt0106611,1993,Cool Runnings
tt0106677,1993,Dazed and Confused
tt0107007,1993,Gettysburg
tt0107048,1993,Groundhog Day
tt0107120,1993,Hocus Pocus
tt0107290,1993,Jurassic Park
tt0107614,1993,Mrs. Doubtfire
tt0311648,1993,Pieces of April
tt0108052,1993,Schindler&#39;s List
tt0108255,1993,Super Mario Bros.
tt0106226,1993,The Age of Innocence
tt0106977,1993,The Fugitive
tt0112389,1993,The Princess and the Cobbler
tt0107943,1993,The Remains of the Day
tt0108358,1993,Tombstone
tt0104257,1992,A Few Good Men
tt0104694,1992,A League of Their Own
tt0103639,1992,Aladdin
tt0103644,1992,Alien 3
tt0106308,1992,Army of Darkness
tt0103776,1992,Batman Returns
tt0103893,1992,Buffy the Vampire Slayer
tt0104070,1992,Death Becomes Her
tt0104815,1992,El Mariachi
tt0104348,1992,Glengarry Glen Ross
tt0104412,1992,Hero
tt0104431,1992,Home Alone 2: Lost in New York
tt0104797,1992,Malcolm X
tt0104952,1992,My Cousin Vinny
tt0105236,1992,Reservoir Dogs
tt0104036,1992,The Crying Game
tt0104868,1992,The Mighty Ducks
tt0104940,1992,The Muppet Christmas Carol
tt0105151,1992,The Player
tt0105793,1992,Wayne&#39;s World
tt0101414,1991,Beauty and the Beast
tt0101452,1991,Bill & Ted&#39;s Bogus Journey
tt0102057,1991,Hook
tt0102070,1991,Hudson Hawk
tt0102798,1991,Robin Hood: Prince of Thieves
tt0102943,1991,Slacker
tt0102975,1991,Star Trek VI: The Undiscovered Country
tt0103060,1991,Teenage Mutant Ninja Turtles II: The Secret of the Ooze
tt0103064,1991,Terminator 2: Judgement Day
tt0101272,1991,The Addams Family
tt0102510,1991,The Naked Gun 2 1/2: The Smell of Fear
tt0102926,1991,The Silence of the Lambs
tt0103247,1991,White Fang
tt0099088,1990,Back to the Future Part III
tt0099253,1990,Child&#39;s Play 2
tt0099817,1990,Dark Angel (I Come in Peace)
tt0099423,1990,Die Hard 2
tt0099487,1990,Edward Scissorhands
tt0099582,1990,Flatliners
tt0099653,1990,Ghost
tt0099685,1990,Goodfellas
tt0099785,1990,Home Alone
tt0100263,1990,Nikita
tt0100403,1990,Predator 2
tt0100405,1990,Pretty Woman
tt0099810,1990,The Hunt for Red October
tt0100802,1990,Total Recall
tt0100814,1990,Tremors
tt0096874,1989,Back to the Future Part II
tt0096895,1989,Batman
tt0096928,1989,Bill & Ted&#39;s Excellent Adventure
tt0097165,1989,Dead Poets Society
tt0097499,1989,Henry V
tt0097576,1989,Indiana Jones and the Last Crusade
tt0097742,1989,Licence to Kill
tt0097815,1989,Major League
tt0098206,1989,Road House
tt0098724,1989,"Sex, Lies, and Videotape"
tt0098382,1989,Star Trek V: The Final Frontier
tt0096754,1989,The Abyss
tt0098519,1989,Troop Beverly Hills
tt0098546,1989,UHF
tt0094612,1988,Action Jackson
tt0094625,1988,Akira
tt0094721,1988,Beetle Juice
tt0092675,1988,Bloodsport
tt0094862,1988,Child&#39;s Play
tt0094947,1988,Dangerous Liaisons
tt0095016,1988,Die Hard
tt0095631,1988,Midnight Run
tt0095687,1988,My Stepmother Is an Alien
tt0095690,1988,Mystic Pizza
tt0095889,1988,Poltergeist III
tt0095953,1988,Rain Man
tt0096061,1988,Scrooged
tt0095489,1988,The Land Before Time
tt0095497,1988,The Last Temptation of Christ
tt0096256,1988,They Live
tt0096320,1988,Twins
tt0096438,1988,Who Framed Roger Rabbit
tt0096487,1988,Young Guns
tt0092644,1987,Beverly Hills Cop II
tt0092991,1987,Evil Dead II
tt0093010,1987,Fatal Attraction
tt0093105,1987,"Good Morning, Vietnam"
tt0093177,1987,Hellraiser
tt0093409,1987,Lethal Weapon
tt0093773,1987,Predator
tt0093818,1987,Radio Days
tt0093870,1987,RoboCop
tt0094012,1987,Spaceballs
tt0094074,1987,Superman IV: The Quest for Peace
tt0093389,1987,The Last Emperor
tt0093437,1987,The Lost Boys
tt0093779,1987,The Princess Bride
tt0090605,1986,Aliens
tt0090555,1986,Crocodile Dundee
tt0091203,1986,Highlander
tt0091225,1986,Howard The Duck
tt0091419,1986,Little Shop of Horrors
tt0091738,1986,Peggy Sue Got Married
tt0091763,1986,Platoon
tt0092005,1986,Stand By Me
tt0090848,1986,The Clan of the Cave Bear
tt0092099,1986,Top Gun
tt0088763,1985,Back to the Future
tt0088846,1985,Brazil
tt0088944,1985,Commando
tt0088993,1985,Day of the Dead
tt0089457,1985,Ladyhawke
tt0089469,1985,Legend
tt0091578,1985,My Beautiful Laundrette
tt0089893,1985,Red Sonja
tt0089908,1985,Return to Oz
tt0088939,1985,The Color Purple
tt0087800,1984,A nightmare on Elm Street
tt0086879,1984,Amadeus
tt0086960,1984,Beverly Hills Cop
tt0086984,1984,Body Double
tt0087078,1984,Conan the Destroyer
tt0087182,1984,Dune
tt0087298,1984,Friday the 13th Part IV: The Final Chapter
tt0087332,1984,Ghostbusters
tt0087363,1984,Gremlins
tt0087469,1984,Indiana Jones and the Temple of Doom
tt0087928,1984,Police Academy
tt0087995,1984,Repo Man
tt0088161,1984,Splash
tt0088170,1984,Star Trek III: The Search for Spock
tt0087538,1984,The Karate Kid
tt0088247,1984,The Terminator
tt0085549,1983,Flashdance
tt0086190,1983,Star Wars: Episode VI - Return of the Jedi
tt0086393,1983,Superman III
tt0086541,1983,Videodrome
tt0086567,1983,WarGames
tt0083658,1982,Blade Runner
tt0083722,1982,Cat People
tt0082198,1982,Conan the Barbarian
tt0083833,1982,Diner
tt0083866,1982,E.T.: The Extra-Terrestrial
tt0083929,1982,Fast Times at Ridgemont High
tt0083944,1982,First Blood
tt0083972,1982,Friday the 13th Part III
tt0084516,1982,Poltergeist
tt0084522,1982,Porky&#39;s
tt0084726,1982,Star Trek: The Wrath of Khan
tt0083642,1982,The Best Little Whorehouse in Texas
tt0084805,1982,Tootsie
tt0084827,1982,TRON
tt0082096,1981,Das Boot
tt0082340,1981,Escape from New York
tt0082418,1981,Friday the 13th Part 2
tt0082495,1981,Halloween II
tt0082509,1981,Heavy Metal
tt0082517,1981,History of the World: Part I
tt0082971,1981,Raiders of the Lost Ark
tt0083907,1981,The Evil Dead
tt0081633,1981,Time Bandits
tt0080339,1980,Airplane!
tt0080492,1980,Can&#39;t Stop the Music
tt0080716,1980,Fame
tt0080745,1980,Flash Gordon
tt0080761,1980,Friday the 13th
tt0080855,1980,Heaven&#39;s Gate
tt0081375,1980,Private Benjamin
tt0081398,1980,Raging Bull
tt0081534,1980,Somewhere in Time
tt0080684,1980,Star Wars: Episode V - The Empire Strikes Back
tt0081573,1980,Superman II
tt0080455,1980,The Blues Brothers
tt0080749,1980,The Fog
tt0081505,1980,The Shining
tt0078748,1979,Alien
tt0078788,1979,Apocalypse Now
tt0079574,1979,Moonraker
tt0079945,1979,Star Trek: The Motion Picture
tt0078767,1979,The Amityville Horror
tt0077975,1978,Animal House
tt0077402,1978,Dawn of the Dead
tt0077405,1978,Days of Heaven
tt0077631,1978,Grease
tt0077651,1978,Halloween
tt0077713,1978,I Spit on Your Grave
tt0078346,1978,Superman
tt0077416,1978,The Deer Hunter
tt0075784,1977,A Bridge Too Far
tt0075686,1977,Annie Hall
tt0075860,1977,Close Encounters of the Third Kind
tt0074486,1977,Eraserhead
tt0076141,1977,High Anxiety
tt0076245,1977,Julia
tt0076759,1977,Star Wars
tt0074156,1976,Assault on Precinct 13
tt0074512,1976,Family Plot
tt0074812,1976,Logan&#39;s Run
tt0074958,1976,Network
tt0075148,1976,Rocky
tt0075222,1976,Silent Movie
tt0075249,1976,Sparkle
tt0075314,1976,Taxi Driver
tt0072684,1975,Barry Lyndon
tt0073195,1975,Jaws
tt0071853,1975,Monty Python and the Holy Grail
tt0073486,1975,One Flew Over the Cuckoo&#39;s Nest
tt0073629,1975,The Rocky Horror Picture Show
tt0071222,1974,Black Christmas
tt0071230,1974,Blazing Saddles
tt0071360,1974,The Conversation
tt0071562,1974,The Godfather: Part II
tt0072271,1974,The Texas Chain Saw Massacre
tt0072308,1974,The Towering Inferno
tt0072431,1974,Young Frankenstein
tt0069704,1973,American Graffiti
tt0068699,1973,High Plains Drifter
tt0070707,1973,Sleeper
tt0070047,1973,The Exorcist
tt0070735,1973,The Sting
tt0068156,1972,1776
tt0069089,1972,Pink Flamingos
tt0068646,1972,The Godfather
tt0067065,1971,Escape from the Planet of the Apes
tt0067741,1971,Shaft
tt0067800,1971,Straw Dogs
tt0067116,1971,The French Connection
tt0067992,1971,Willy Wonka & the Chocolate Factory
tt0065466,1970,Beyond the Valley of the Dolls